admin_level,admin_id,admin_name,representative_lon,representative_lat,n_focos,n_ultimas_6h,n_ultimas_12h,n_ultimas_24h,n_ultimas_48h,frp_total_mw,frp_media_mw,frp_max_mw,edad_min_h,ultima_deteccion_utc,sensores,alerta_operativa,n_effis_30d,effis_area_ha_30d,n_effis_90d,effis_area_ha_90d,ultima_area_quemada
ccaa,ES61,Andalucía,-4.363390299247969,37.45482289233412,10,0,8,8,10,13.2,1.3,4.6,6.6,2026-10-01 02:38:00,"VIIRS_NOAA20_NRT, VIIRS_SNPP_NRT",seguimiento,11,1997,52,55430,2026-09-27
ccaa,ES24,Aragón,-0.8794346045817117,41.384674149328085,2,0,2,2,2,1.6,0.8,1,6.6,2026-10-01 02:38:00,"VIIRS_NOAA20_NRT, VIIRS_SNPP_NRT",seguimiento,1,6,24,37814,2026-09-08
ccaa,ES70,Canarias,-16.591448301073914,28.258945604443113,0,0,0,0,0,0,0,0,NA,NA,,sin actividad,1,13,1,13,2026-09-14
ccaa,ES13,Cantabria,-4.119514677304093,43.09049766606368,0,0,0,0,0,0,0,0,NA,NA,,sin actividad,4,160,7,181,2026-09-06
ccaa,ES41,Castilla y León,-4.473703797278533,41.76255261750092,1,0,0,1,1,10,10,10,20.5,2026-09-30 12:40:00,VIIRS_NOAA20_NRT,seguimiento,6,385,50,69169,2026-09-22
ccaa,ES42,Castilla-La Mancha,-2.9569090248627234,39.63108872100555,7,0,5,5,7,10.9,1.6,1.8,6.6,2026-10-01 02:38:00,"VIIRS_NOAA20_NRT, VIIRS_SNPP_NRT",seguimiento,6,272,31,40031,2026-09-25
ccaa,ES51,Cataluña,1.7411242882920785,41.76405971940773,0,0,0,0,0,0,0,0,NA,NA,,sin actividad,1,7,34,4185,2026-09-04
ccaa,ES63,Ciudad de Ceuta,-5.347886399871487,35.890182697136225,0,0,0,0,0,0,0,0,NA,NA,,sin actividad,0,0,0,0,NA
ccaa,ES64,Ciudad de Melilla,-2.9535015433143545,35.30569931352198,0,0,0,0,0,0,0,0,NA,NA,,sin actividad,0,0,0,0,NA
ccaa,ES22,Comunidad Foral de Navarra,-1.7133469835891346,42.612898149208185,0,0,0,0,0,0,0,0,NA,NA,,sin actividad,0,0,4,92,2026-08-31
ccaa,ES30,Comunidad de Madrid,-3.8330806085002043,40.55067338400924,3,0,3,3,3,6.8,2.3,2.7,6.6,2026-10-01 02:38:00,"VIIRS_NOAA20_NRT, VIIRS_SNPP_NRT",seguimiento,0,0,6,21161,2026-08-19
ccaa,ES52,Comunitat Valenciana,-0.7426968072129708,39.26635350582293,0,0,0,0,0,0,0,0,NA,NA,,sin actividad,2,829,10,11693,2026-09-15
ccaa,ES43,Extremadura,-5.994914523087172,39.258837910445074,5,0,2,5,5,13.2,2.6,5.6,6.9,2026-10-01 02:19:00,VIIRS_SNPP_NRT,seguimiento,10,340,36,7893,2026-09-27
ccaa,ES11,Galicia,-7.814712617296755,42.75466678990033,2,0,1,1,2,1.8,0.9,1,6.6,2026-10-01 02:38:00,"VIIRS_NOAA20_NRT, VIIRS_SNPP_NRT",seguimiento,14,1238,38,2346,2026-09-24
ccaa,ES53,Illes Balears,2.8947689663727316,39.599776073537015,0,0,0,0,0,0,0,0,NA,NA,,sin actividad,0,0,0,0,NA
ccaa,ES23,La Rioja,-2.544064794481323,42.27886588608102,0,0,0,0,0,0,0,0,NA,NA,,sin actividad,2,68,6,336,2026-09-18
ccaa,ES21,País Vasco,-2.520043041739153,42.98949557990759,0,0,0,0,0,0,0,0,NA,NA,,sin actividad,4,142,7,261,2026-09-14
ccaa,ES12,Principado de Asturias,-6.024514197961777,43.3164418093182,13,0,12,12,13,17.7,1.4,2.6,6.6,2026-10-01 02:38:00,"VIIRS_NOAA20_NRT, VIIRS_SNPP_NRT",seguimiento,13,514,21,1038,2026-09-28
ccaa,ES62,Región de Murcia,-1.6464172523297969,38.04108415733831,0,0,0,0,0,0,0,0,NA,NA,,sin actividad,0,0,3,361,2026-08-08
