admin_level,admin_id,admin_name,representative_lon,representative_lat,parent_admin_id,parent_admin_name,n_effis_30d,effis_area_ha_30d,n_effis_90d,effis_area_ha_90d,ultima_area_quemada,n_focos,n_ultimas_6h,n_ultimas_12h,n_ultimas_24h,n_ultimas_48h,frp_total_mw,frp_media_mw,frp_max_mw,edad_min_h,ultima_deteccion_utc,sensores,alerta_operativa
provincia,ES111,A Coruña,-8.610128416681105,43.11466937973189,ES11,Galicia,2,37,8,762,2026-08-15,0,0,0,0,0,0,0,0,NA,NA,,sin actividad
provincia,ES421,Albacete,-1.8272464595230131,38.74205105002692,ES42,Castilla-La Mancha,0,0,0,0,NA,0,0,0,0,0,0,0,0,NA,NA,,sin actividad
provincia,ES521,Alicante/Alacant,-0.696615262390245,38.34100737397521,ES52,Comunitat Valenciana,0,0,0,0,NA,0,0,0,0,0,0,0,0,NA,NA,,sin actividad
provincia,ES611,Almería,-2.1669873120783723,37.33358469206011,ES61,Andalucía,1,7,6,5489,2026-07-26,0,0,0,0,0,0,0,0,NA,NA,,sin actividad
provincia,ES211,Araba/Álava,-2.694603371845447,42.84537520907799,ES21,País Vasco,2,112,3,221,2026-08-13,0,0,0,0,0,0,0,0,NA,NA,,sin actividad
provincia,ES120,Asturias,-6.024514197961777,43.3164418093182,ES12,Principado de Asturias,4,188,15,685,2026-08-11,0,0,0,0,0,0,0,0,NA,NA,,sin actividad
provincia,ES431,Badajoz,-6.093807228336559,38.75922266808448,ES43,Extremadura,8,768,21,4457,2026-08-17,0,0,0,0,0,0,0,0,NA,NA,,sin actividad
provincia,ES511,Barcelona,1.9084326400457432,41.76852560297227,ES51,Cataluña,1,8,13,967,2026-08-14,0,0,0,0,0,0,0,0,NA,NA,,sin actividad
provincia,ES213,Bizkaia,-2.822977166289681,43.23193523612623,ES21,País Vasco,0,0,1,6,2026-05-30,0,0,0,0,0,0,0,0,NA,NA,,sin actividad
provincia,ES412,Burgos,-3.660668614243328,42.31176543640159,ES41,Castilla y León,2,36,3,96,2026-08-12,0,0,0,0,0,0,0,0,NA,NA,,sin actividad
provincia,ES130,Cantabria,-4.119514677304093,43.09049766606368,ES13,Cantabria,1,8,4,155,2026-07-28,0,0,0,0,0,0,0,0,NA,NA,,sin actividad
provincia,ES522,Castellón/Castelló,-0.14975244309849442,40.208050440283685,ES52,Comunitat Valenciana,5,10141,7,10352,2026-08-21,0,0,0,0,0,0,0,0,NA,NA,,sin actividad
provincia,ES630,Ceuta,-5.347886399871487,35.890182697136225,ES63,Ciudad de Ceuta,0,0,0,0,NA,0,0,0,0,0,0,0,0,NA,NA,,sin actividad
provincia,ES422,Ciudad Real,-3.8952962519632566,38.95648836117235,ES42,Castilla-La Mancha,1,205,8,1592,2026-07-27,0,0,0,0,0,0,0,0,NA,NA,,sin actividad
provincia,ES423,Cuenca,-2.240538613580485,39.954795864293,ES42,Castilla-La Mancha,0,0,0,0,NA,0,0,0,0,0,0,0,0,NA,NA,,sin actividad
provincia,ES432,Cáceres,-6.37993167837762,39.708889063290876,ES43,Extremadura,8,9023,23,9758,2026-08-18,0,0,0,0,0,0,0,0,NA,NA,,sin actividad
provincia,ES612,Cádiz,-5.880840105925412,36.463803462316605,ES61,Andalucía,0,0,3,292,2026-07-07,0,0,0,0,0,0,0,0,NA,NA,,sin actividad
provincia,ES613,Córdoba,-4.816476305663592,37.99048370414892,ES61,Andalucía,3,221,7,1131,2026-08-10,0,0,0,0,0,0,0,0,NA,NA,,sin actividad
provincia,ES531,Eivissa y Formentera,1.3798556988682507,38.959629674815176,ES53,Illes Balears,0,0,0,0,NA,0,0,0,0,0,0,0,0,NA,NA,,sin actividad
provincia,ES703,El Hierro,-18.0066888171093,27.729486499341622,ES70,Canarias,0,0,0,0,NA,0,0,0,0,0,0,0,0,NA,NA,,sin actividad
provincia,ES704,Fuerteventura,-14.011697433651431,28.426004938198943,ES70,Canarias,0,0,0,0,NA,0,0,0,0,0,0,0,0,NA,NA,,sin actividad
provincia,ES212,Gipuzkoa,-2.231754661413848,43.110437288807255,ES21,País Vasco,0,0,1,7,2026-07-06,0,0,0,0,0,0,0,0,NA,NA,,sin actividad
provincia,ES512,Girona,2.790529044923826,42.10375280152764,ES51,Cataluña,0,0,5,2177,2026-07-06,0,0,0,0,0,0,0,0,NA,NA,,sin actividad
provincia,ES705,Gran Canaria,-15.603913684898849,27.951768919889183,ES70,Canarias,0,0,0,0,NA,0,0,0,0,0,0,0,0,NA,NA,,sin actividad
provincia,ES614,Granada,-3.4009089359721107,37.338932285674574,ES61,Andalucía,3,253,6,316,2026-08-15,0,0,0,0,0,0,0,0,NA,NA,,sin actividad
provincia,ES424,Guadalajara,-2.517097757998129,40.79937422364741,ES42,Castilla-La Mancha,2,11,6,36108,2026-08-17,0,0,0,0,0,0,0,0,NA,NA,,sin actividad
provincia,ES615,Huelva,-6.898242347960434,37.43035134952557,ES61,Andalucía,8,44254,21,53145,2026-08-12,0,0,0,0,0,0,0,0,NA,NA,,sin actividad
provincia,ES241,Huesca,-0.036612694513071156,42.16793083309295,ES24,Aragón,7,18430,21,26624,2026-08-14,0,0,0,0,0,0,0,0,NA,NA,,sin actividad
provincia,ES616,Jaén,-3.3920719441382725,38.01596699991915,ES61,Andalucía,1,8,10,301,2026-08-12,0,0,0,0,0,0,0,0,NA,NA,,sin actividad
provincia,ES706,La Gomera,-17.23777600106303,28.124460401844527,ES70,Canarias,0,0,0,0,NA,0,0,0,0,0,0,0,0,NA,NA,,sin actividad
provincia,ES707,La Palma,-17.847366720919805,28.675542578294912,ES70,Canarias,0,0,0,0,NA,0,0,0,0,0,0,0,0,NA,NA,,sin actividad
provincia,ES230,La Rioja,-2.544064794481323,42.27886588608102,ES23,La Rioja,1,6,4,302,2026-08-02,0,0,0,0,0,0,0,0,NA,NA,,sin actividad
provincia,ES708,Lanzarote,-13.646380842699038,29.029157385075468,ES70,Canarias,0,0,0,0,NA,0,0,0,0,0,0,0,0,NA,NA,,sin actividad
provincia,ES413,León,-5.83498200491402,42.5217773712373,ES41,Castilla y León,10,3455,33,9173,2026-08-15,0,0,0,0,0,0,0,0,NA,NA,,sin actividad
provincia,ES513,Lleida,1.1970668717007331,42.16115598284474,ES51,Cataluña,6,193,13,872,2026-08-09,0,0,0,0,0,0,0,0,NA,NA,,sin actividad
provincia,ES112,Lugo,-7.384256205356696,43.05114545470956,ES11,Galicia,6,223,12,488,2026-08-12,0,0,0,0,0,0,0,0,NA,NA,,sin actividad
provincia,ES300,Madrid,-3.8330806085002043,40.55067338400924,ES30,Comunidad de Madrid,4,20294,8,21196,2026-08-19,0,0,0,0,0,0,0,0,NA,NA,,sin actividad
provincia,ES532,Mallorca,2.8947689663727316,39.599776073537015,ES53,Illes Balears,0,0,0,0,NA,0,0,0,0,0,0,0,0,NA,NA,,sin actividad
provincia,ES640,Melilla,-2.9535015433143545,35.30569931352198,ES64,Ciudad de Melilla,0,0,0,0,NA,0,0,0,0,0,0,0,0,NA,NA,,sin actividad
provincia,ES533,Menorca,4.107145481299922,39.93354130178364,ES53,Illes Balears,0,0,0,0,NA,0,0,0,0,0,0,0,0,NA,NA,,sin actividad
provincia,ES620,Murcia,-1.6464172523297969,38.04108415733831,ES62,Región de Murcia,2,351,4,505,2026-08-08,0,0,0,0,0,0,0,0,NA,NA,,sin actividad
provincia,ES617,Málaga,-4.722793543698621,36.85409957978711,ES61,Andalucía,0,0,4,252,2026-07-11,0,0,0,0,0,0,0,0,NA,NA,,sin actividad
provincia,ES220,Navarra,-1.7133469835891346,42.612898149208185,ES22,Comunidad Foral de Navarra,1,7,3,398,2026-08-15,0,0,0,0,0,0,0,0,NA,NA,,sin actividad
provincia,ES113,Ourense,-7.486414356236179,42.2456576072423,ES11,Galicia,3,176,8,538,2026-08-18,0,0,0,0,0,0,0,0,NA,NA,,sin actividad
provincia,ES414,Palencia,-4.638362027887671,42.35798387210717,ES41,Castilla y León,1,22,3,57,2026-08-12,0,0,0,0,0,0,0,0,NA,NA,,sin actividad
provincia,ES114,Pontevedra,-8.565786583389604,42.35941148414,ES11,Galicia,4,118,6,130,2026-08-18,0,0,0,0,0,0,0,0,NA,NA,,sin actividad
provincia,ES415,Salamanca,-5.961722312137546,40.82438211110487,ES41,Castilla y León,1,199,1,199,2026-07-29,0,0,0,0,0,0,0,0,NA,NA,,sin actividad
provincia,ES416,Segovia,-4.07063296020741,41.12024078539204,ES41,Castilla y León,2,1423,3,4918,2026-08-09,0,0,0,0,0,0,0,0,NA,NA,,sin actividad
provincia,ES618,Sevilla,-5.6493159457958315,37.517024920004026,ES61,Andalucía,1,5,8,314,2026-08-16,0,0,0,0,0,0,0,0,NA,NA,,sin actividad
provincia,ES417,Soria,-2.622366071145876,41.56707786287009,ES41,Castilla y León,1,42,3,504,2026-08-10,0,0,0,0,0,0,0,0,NA,NA,,sin actividad
provincia,ES514,Tarragona,0.8042221090877254,41.07507197767753,ES51,Cataluña,1,14,6,283,2026-07-29,0,0,0,0,0,0,0,0,NA,NA,,sin actividad
provincia,ES709,Tenerife,-16.591448301073914,28.258945604443113,ES70,Canarias,0,0,0,0,NA,0,0,0,0,0,0,0,0,NA,NA,,sin actividad
provincia,ES242,Teruel,-1.0308085357579806,40.575621238873,ES24,Aragón,1,66,6,2926,2026-07-24,0,0,0,0,0,0,0,0,NA,NA,,sin actividad
provincia,ES425,Toledo,-4.143024813686654,39.78544483031799,ES42,Castilla-La Mancha,8,1371,26,3051,2026-08-10,0,0,0,0,0,0,0,0,NA,NA,,sin actividad
provincia,ES523,Valencia/València,-0.7487007693034435,39.336479634265125,ES52,Comunitat Valenciana,1,13,1,13,2026-08-02,0,0,0,0,0,0,0,0,NA,NA,,sin actividad
provincia,ES418,Valladolid,-4.901805979632491,41.712245816380786,ES41,Castilla y León,1,14,5,260,2026-08-04,0,0,0,0,0,0,0,0,NA,NA,,sin actividad
provincia,ES419,Zamora,-5.802366977711794,41.70581305047429,ES41,Castilla y León,3,11438,6,11601,2026-08-17,0,0,0,0,0,0,0,0,NA,NA,,sin actividad
provincia,ES243,Zaragoza,-1.2000896341050453,41.81337795270938,ES24,Aragón,3,539,5,15589,2026-08-14,0,0,0,0,0,0,0,0,NA,NA,,sin actividad
provincia,ES411,Ávila,-4.946703701957992,40.63990553341382,ES41,Castilla y León,2,1596,5,44144,2026-07-24,0,0,0,0,0,0,0,0,NA,NA,,sin actividad
