snapshot_date,admin_level,admin_id,admin_name,n_focos,n_ultimas_6h,n_ultimas_12h,n_ultimas_24h,n_ultimas_48h,frp_total_mw,frp_media_mw,frp_max_mw,edad_min_h,ultima_deteccion_utc,sensores,alerta_operativa
2026-10-03,provincia,ES111,A Coruña,2,0,0,0,2,1.2,0.6,0.6,42.3,2026-10-02T01:58:00Z,VIIRS_SNPP_NRT,informativa
2026-10-03,provincia,ES112,Lugo,6,0,3,3,6,70.6,11.8,23.8,6.8,2026-10-03T13:25:00Z,"VIIRS_NOAA20_NRT, VIIRS_SNPP_NRT",seguimiento
2026-10-03,provincia,ES114,Pontevedra,2,0,2,2,2,8.6,4.3,6.2,6.8,2026-10-03T13:25:00Z,VIIRS_NOAA20_NRT,seguimiento
2026-10-03,provincia,ES120,Asturias,12,0,0,0,12,19.9,1.7,4,30.9,2026-10-02T13:23:00Z,"VIIRS_NOAA20_NRT, VIIRS_SNPP_NRT",informativa
2026-10-03,provincia,ES212,Gipuzkoa,1,0,0,1,1,0.6,0.6,0.6,18.3,2026-10-03T02:00:00Z,VIIRS_NOAA20_NRT,seguimiento
2026-10-03,provincia,ES300,Madrid,5,0,0,1,5,11.4,2.3,3.4,18.6,2026-10-03T01:39:00Z,"VIIRS_NOAA20_NRT, VIIRS_SNPP_NRT",seguimiento
2026-10-03,provincia,ES425,Toledo,1,0,0,0,1,10.8,10.8,10.8,30.6,2026-10-02T13:42:00Z,VIIRS_NOAA20_NRT,informativa
2026-10-03,provincia,ES431,Badajoz,11,0,0,0,11,55,5,24.8,30.6,2026-10-02T13:40:00Z,"VIIRS_NOAA20_NRT, VIIRS_SNPP_NRT",informativa
2026-10-03,provincia,ES432,Cáceres,5,0,2,2,5,22.5,4.5,8.7,6.9,2026-10-03T13:23:00Z,"VIIRS_NOAA20_NRT, VIIRS_SNPP_NRT",seguimiento
2026-10-03,provincia,ES511,Barcelona,1,0,0,1,1,0.5,0.5,0.5,18.3,2026-10-03T02:00:00Z,VIIRS_NOAA20_NRT,seguimiento
2026-10-03,provincia,ES521,Alicante/Alacant,1,0,0,1,1,1,1,1,18.3,2026-10-03T02:00:00Z,VIIRS_NOAA20_NRT,seguimiento
2026-10-03,provincia,ES612,Cádiz,1,0,0,0,1,0.6,0.6,0.6,41.9,2026-10-02T02:19:00Z,VIIRS_NOAA20_NRT,informativa
2026-10-03,provincia,ES613,Córdoba,2,0,0,0,2,1,0.5,0.8,41.9,2026-10-02T02:19:00Z,"VIIRS_NOAA20_NRT, VIIRS_SNPP_NRT",informativa
2026-10-03,provincia,ES614,Granada,2,0,0,0,2,1.5,0.8,0.8,41.9,2026-10-02T02:19:00Z,"VIIRS_NOAA20_NRT, VIIRS_SNPP_NRT",informativa
2026-10-03,provincia,ES618,Sevilla,3,0,1,1,3,11.6,3.9,5.8,6.9,2026-10-03T13:23:00Z,"VIIRS_NOAA20_NRT, VIIRS_SNPP_NRT",seguimiento
