admin_level,admin_id,admin_name,n_focos,n_ultimas_6h,n_ultimas_12h,n_ultimas_24h,n_ultimas_48h,frp_total_mw,frp_media_mw,frp_max_mw,edad_min_h,ultima_deteccion_utc,sensores,alerta_operativa
ccaa,ES61,Andalucía,8,2,2,8,8,22.6,2.8,5.4,5.5,2026-09-30 02:58:00,"VIIRS_NOAA20_NRT, VIIRS_SNPP_NRT",media
ccaa,ES12,Principado de Asturias,14,1,1,1,14,16.2,1.2,2.5,5.5,2026-09-30 02:56:00,"VIIRS_NOAA20_NRT, VIIRS_SNPP_NRT",media
ccaa,ES11,Galicia,1,1,1,1,1,0.7,0.7,0.7,5.8,2026-09-30 02:36:00,VIIRS_SNPP_NRT,media
ccaa,ES41,Castilla y León,4,0,0,0,4,10.1,2.5,3.6,29.5,2026-09-29 02:56:00,"VIIRS_NOAA20_NRT, VIIRS_SNPP_NRT",informativa
ccaa,ES13,Cantabria,4,0,0,0,4,6.7,1.7,2.9,29.2,2026-09-29 03:15:00,"VIIRS_NOAA20_NRT, VIIRS_SNPP_NRT",informativa
ccaa,ES30,Comunidad de Madrid,3,0,0,1,3,9.5,3.2,3.9,19.5,2026-09-29 12:57:00,VIIRS_NOAA20_NRT,seguimiento
ccaa,ES42,Castilla-La Mancha,3,0,2,2,3,5.2,1.7,1.8,7.2,2026-09-30 01:15:00,"VIIRS_NOAA20_NRT, VIIRS_SNPP_NRT",seguimiento
ccaa,ES21,País Vasco,3,0,0,0,3,5,1.7,2,30.9,2026-09-29 01:34:00,"VIIRS_NOAA20_NRT, VIIRS_SNPP_NRT",informativa
ccaa,ES24,Aragón,2,0,0,2,2,8.7,4.4,6.3,19.5,2026-09-29 12:57:00,VIIRS_NOAA20_NRT,seguimiento
ccaa,ES52,Comunitat Valenciana,1,0,0,1,1,3.7,3.7,3.7,19.8,2026-09-29 12:38:00,VIIRS_SNPP_NRT,seguimiento
ccaa,ES43,Extremadura,1,0,0,0,1,0.5,0.5,0.5,30.8,2026-09-29 01:37:00,VIIRS_NOAA20_NRT,informativa
