layer_id,layer_kind,date,issue_date,valid_date,tipo,dia,forecast_day,forecast_label,area,area_label,file_type,source_file,url,bounds_json,source_crs,render_crs,source_extent_json,render_extent_json,raster_ncol,raster_nrow,raster_res_x,raster_res_y,legend_labels,legend_colours,style_source
aemet_2026_09_18_p_previsto_d1_aemet_incendios_20260918_p_previsto_d1,image,2026-09-18,2026-09-18,2026-09-18,previsto,1,1,Día 1,p,Península y Baleares,raster,data/raw/aemet/aemet_incendios_20260918_p_previsto_d1.tif,assets/aemet/aemet_2026_09_18_p_previsto_d1_aemet_incendios_20260918_p_previsto_d1.png,"[[34.9966,-10.205],[44.215,5.2055]]","GEOGCRS[""WGS 84"",
    ENSEMBLE[""World Geodetic System 1984 ensemble"",
        MEMBER[""World Geodetic System 1984 (Transit)""],
        MEMBER[""World Geodetic System 1984 (G730)""],
        MEMBER[""World Geodetic System 1984 (G873)""],
        MEMBER[""World Geodetic System 1984 (G1150)""],
        MEMBER[""World Geodetic System 1984 (G1674)""],
        MEMBER[""World Geodetic System 1984 (G1762)""],
        MEMBER[""World Geodetic System 1984 (G2139)""],
        ELLIPSOID[""WGS 84"",6378137,298.257223563,
            LENGTHUNIT[""metre"",1]],
        ENSEMBLEACCURACY[2.0]],
    PRIMEM[""Greenwich"",0,
        ANGLEUNIT[""degree"",0.0174532925199433]],
    CS[ellipsoidal,2],
        AXIS[""geodetic latitude (Lat)"",north,
            ORDER[1],
            ANGLEUNIT[""degree"",0.0174532925199433]],
        AXIS[""geodetic longitude (Lon)"",east,
            ORDER[2],
            ANGLEUNIT[""degree"",0.0174532925199433]],
    USAGE[
        SCOPE[""Horizontal component of 3D system.""],
        AREA[""World.""],
        BBOX[-90,-180,90,180]],
    ID[""EPSG"",4326]]",EPSG:3857,"{""xmin"":-10.205,""xmax"":5.205,""ymin"":34.995,""ymax"":44.215}","{""xmin"":-1136015.4035,""xmax"":579478.1526,""ymin"":4163425.5357,""ymax"":5498774.4365}",1417,1103,1210.6517686339482,1210.651768633948,Muy bajo|Bajo|Moderado|Alto|Muy alto|Extremo,#4B96E3|#51D1F6|#57E520|#F9FB2F|#EF8504|#F52300,AEMET GeoTIFF ESCALA (GDAL)
aemet_2026_09_19_p_previsto_d2_aemet_incendios_20260919_p_previsto_d2,image,2026-09-19,2026-09-18,2026-09-19,previsto,2,2,Día 2,p,Península y Baleares,raster,data/raw/aemet/aemet_incendios_20260919_p_previsto_d2.tif,assets/aemet/aemet_2026_09_19_p_previsto_d2_aemet_incendios_20260919_p_previsto_d2.png,"[[34.9966,-10.205],[44.215,5.2055]]","GEOGCRS[""WGS 84"",
    ENSEMBLE[""World Geodetic System 1984 ensemble"",
        MEMBER[""World Geodetic System 1984 (Transit)""],
        MEMBER[""World Geodetic System 1984 (G730)""],
        MEMBER[""World Geodetic System 1984 (G873)""],
        MEMBER[""World Geodetic System 1984 (G1150)""],
        MEMBER[""World Geodetic System 1984 (G1674)""],
        MEMBER[""World Geodetic System 1984 (G1762)""],
        MEMBER[""World Geodetic System 1984 (G2139)""],
        ELLIPSOID[""WGS 84"",6378137,298.257223563,
            LENGTHUNIT[""metre"",1]],
        ENSEMBLEACCURACY[2.0]],
    PRIMEM[""Greenwich"",0,
        ANGLEUNIT[""degree"",0.0174532925199433]],
    CS[ellipsoidal,2],
        AXIS[""geodetic latitude (Lat)"",north,
            ORDER[1],
            ANGLEUNIT[""degree"",0.0174532925199433]],
        AXIS[""geodetic longitude (Lon)"",east,
            ORDER[2],
            ANGLEUNIT[""degree"",0.0174532925199433]],
    USAGE[
        SCOPE[""Horizontal component of 3D system.""],
        AREA[""World.""],
        BBOX[-90,-180,90,180]],
    ID[""EPSG"",4326]]",EPSG:3857,"{""xmin"":-10.205,""xmax"":5.205,""ymin"":34.995,""ymax"":44.215}","{""xmin"":-1136015.4035,""xmax"":579478.1526,""ymin"":4163425.5357,""ymax"":5498774.4365}",1417,1103,1210.6517686339482,1210.651768633948,Muy bajo|Bajo|Moderado|Alto|Muy alto|Extremo,#4B96E3|#51D1F6|#57E520|#F9FB2F|#EF8504|#F52300,AEMET GeoTIFF ESCALA (GDAL)
aemet_2026_09_20_p_previsto_d3_aemet_incendios_20260920_p_previsto_d3,image,2026-09-20,2026-09-18,2026-09-20,previsto,3,3,Día 3,p,Península y Baleares,raster,data/raw/aemet/aemet_incendios_20260920_p_previsto_d3.tif,assets/aemet/aemet_2026_09_20_p_previsto_d3_aemet_incendios_20260920_p_previsto_d3.png,"[[34.9966,-10.205],[44.215,5.2055]]","GEOGCRS[""WGS 84"",
    ENSEMBLE[""World Geodetic System 1984 ensemble"",
        MEMBER[""World Geodetic System 1984 (Transit)""],
        MEMBER[""World Geodetic System 1984 (G730)""],
        MEMBER[""World Geodetic System 1984 (G873)""],
        MEMBER[""World Geodetic System 1984 (G1150)""],
        MEMBER[""World Geodetic System 1984 (G1674)""],
        MEMBER[""World Geodetic System 1984 (G1762)""],
        MEMBER[""World Geodetic System 1984 (G2139)""],
        ELLIPSOID[""WGS 84"",6378137,298.257223563,
            LENGTHUNIT[""metre"",1]],
        ENSEMBLEACCURACY[2.0]],
    PRIMEM[""Greenwich"",0,
        ANGLEUNIT[""degree"",0.0174532925199433]],
    CS[ellipsoidal,2],
        AXIS[""geodetic latitude (Lat)"",north,
            ORDER[1],
            ANGLEUNIT[""degree"",0.0174532925199433]],
        AXIS[""geodetic longitude (Lon)"",east,
            ORDER[2],
            ANGLEUNIT[""degree"",0.0174532925199433]],
    USAGE[
        SCOPE[""Horizontal component of 3D system.""],
        AREA[""World.""],
        BBOX[-90,-180,90,180]],
    ID[""EPSG"",4326]]",EPSG:3857,"{""xmin"":-10.205,""xmax"":5.205,""ymin"":34.995,""ymax"":44.215}","{""xmin"":-1136015.4035,""xmax"":579478.1526,""ymin"":4163425.5357,""ymax"":5498774.4365}",1417,1103,1210.6517686339482,1210.651768633948,Muy bajo|Bajo|Moderado|Alto|Muy alto|Extremo,#4B96E3|#51D1F6|#57E520|#F9FB2F|#EF8504|#F52300,AEMET GeoTIFF ESCALA (GDAL)
aemet_2026_09_21_p_previsto_d4_aemet_incendios_20260921_p_previsto_d4,image,2026-09-21,2026-09-18,2026-09-21,previsto,4,4,Día 4,p,Península y Baleares,raster,data/raw/aemet/aemet_incendios_20260921_p_previsto_d4.tif,assets/aemet/aemet_2026_09_21_p_previsto_d4_aemet_incendios_20260921_p_previsto_d4.png,"[[34.9966,-10.205],[44.215,5.2055]]","GEOGCRS[""WGS 84"",
    ENSEMBLE[""World Geodetic System 1984 ensemble"",
        MEMBER[""World Geodetic System 1984 (Transit)""],
        MEMBER[""World Geodetic System 1984 (G730)""],
        MEMBER[""World Geodetic System 1984 (G873)""],
        MEMBER[""World Geodetic System 1984 (G1150)""],
        MEMBER[""World Geodetic System 1984 (G1674)""],
        MEMBER[""World Geodetic System 1984 (G1762)""],
        MEMBER[""World Geodetic System 1984 (G2139)""],
        ELLIPSOID[""WGS 84"",6378137,298.257223563,
            LENGTHUNIT[""metre"",1]],
        ENSEMBLEACCURACY[2.0]],
    PRIMEM[""Greenwich"",0,
        ANGLEUNIT[""degree"",0.0174532925199433]],
    CS[ellipsoidal,2],
        AXIS[""geodetic latitude (Lat)"",north,
            ORDER[1],
            ANGLEUNIT[""degree"",0.0174532925199433]],
        AXIS[""geodetic longitude (Lon)"",east,
            ORDER[2],
            ANGLEUNIT[""degree"",0.0174532925199433]],
    USAGE[
        SCOPE[""Horizontal component of 3D system.""],
        AREA[""World.""],
        BBOX[-90,-180,90,180]],
    ID[""EPSG"",4326]]",EPSG:3857,"{""xmin"":-10.205,""xmax"":5.205,""ymin"":34.995,""ymax"":44.215}","{""xmin"":-1136015.4035,""xmax"":579478.1526,""ymin"":4163425.5357,""ymax"":5498774.4365}",1417,1103,1210.6517686339482,1210.651768633948,Muy bajo|Bajo|Moderado|Alto|Muy alto|Extremo,#4B96E3|#51D1F6|#57E520|#F9FB2F|#EF8504|#F52300,AEMET GeoTIFF ESCALA (GDAL)
aemet_2026_09_22_p_previsto_d5_aemet_incendios_20260922_p_previsto_d5,image,2026-09-22,2026-09-18,2026-09-22,previsto,5,5,Día 5,p,Península y Baleares,raster,data/raw/aemet/aemet_incendios_20260922_p_previsto_d5.tif,assets/aemet/aemet_2026_09_22_p_previsto_d5_aemet_incendios_20260922_p_previsto_d5.png,"[[34.9966,-10.205],[44.215,5.2055]]","GEOGCRS[""WGS 84"",
    ENSEMBLE[""World Geodetic System 1984 ensemble"",
        MEMBER[""World Geodetic System 1984 (Transit)""],
        MEMBER[""World Geodetic System 1984 (G730)""],
        MEMBER[""World Geodetic System 1984 (G873)""],
        MEMBER[""World Geodetic System 1984 (G1150)""],
        MEMBER[""World Geodetic System 1984 (G1674)""],
        MEMBER[""World Geodetic System 1984 (G1762)""],
        MEMBER[""World Geodetic System 1984 (G2139)""],
        ELLIPSOID[""WGS 84"",6378137,298.257223563,
            LENGTHUNIT[""metre"",1]],
        ENSEMBLEACCURACY[2.0]],
    PRIMEM[""Greenwich"",0,
        ANGLEUNIT[""degree"",0.0174532925199433]],
    CS[ellipsoidal,2],
        AXIS[""geodetic latitude (Lat)"",north,
            ORDER[1],
            ANGLEUNIT[""degree"",0.0174532925199433]],
        AXIS[""geodetic longitude (Lon)"",east,
            ORDER[2],
            ANGLEUNIT[""degree"",0.0174532925199433]],
    USAGE[
        SCOPE[""Horizontal component of 3D system.""],
        AREA[""World.""],
        BBOX[-90,-180,90,180]],
    ID[""EPSG"",4326]]",EPSG:3857,"{""xmin"":-10.205,""xmax"":5.205,""ymin"":34.995,""ymax"":44.215}","{""xmin"":-1136015.4035,""xmax"":579478.1526,""ymin"":4163425.5357,""ymax"":5498774.4365}",1417,1103,1210.6517686339482,1210.651768633948,Muy bajo|Bajo|Moderado|Alto|Muy alto|Extremo,#4B96E3|#51D1F6|#57E520|#F9FB2F|#EF8504|#F52300,AEMET GeoTIFF ESCALA (GDAL)
aemet_2026_09_23_p_previsto_d6_aemet_incendios_20260923_p_previsto_d6,image,2026-09-23,2026-09-18,2026-09-23,previsto,6,6,Día 6,p,Península y Baleares,raster,data/raw/aemet/aemet_incendios_20260923_p_previsto_d6.tif,assets/aemet/aemet_2026_09_23_p_previsto_d6_aemet_incendios_20260923_p_previsto_d6.png,"[[34.9966,-10.205],[44.215,5.2055]]","GEOGCRS[""WGS 84"",
    ENSEMBLE[""World Geodetic System 1984 ensemble"",
        MEMBER[""World Geodetic System 1984 (Transit)""],
        MEMBER[""World Geodetic System 1984 (G730)""],
        MEMBER[""World Geodetic System 1984 (G873)""],
        MEMBER[""World Geodetic System 1984 (G1150)""],
        MEMBER[""World Geodetic System 1984 (G1674)""],
        MEMBER[""World Geodetic System 1984 (G1762)""],
        MEMBER[""World Geodetic System 1984 (G2139)""],
        ELLIPSOID[""WGS 84"",6378137,298.257223563,
            LENGTHUNIT[""metre"",1]],
        ENSEMBLEACCURACY[2.0]],
    PRIMEM[""Greenwich"",0,
        ANGLEUNIT[""degree"",0.0174532925199433]],
    CS[ellipsoidal,2],
        AXIS[""geodetic latitude (Lat)"",north,
            ORDER[1],
            ANGLEUNIT[""degree"",0.0174532925199433]],
        AXIS[""geodetic longitude (Lon)"",east,
            ORDER[2],
            ANGLEUNIT[""degree"",0.0174532925199433]],
    USAGE[
        SCOPE[""Horizontal component of 3D system.""],
        AREA[""World.""],
        BBOX[-90,-180,90,180]],
    ID[""EPSG"",4326]]",EPSG:3857,"{""xmin"":-10.205,""xmax"":5.205,""ymin"":34.995,""ymax"":44.215}","{""xmin"":-1136015.4035,""xmax"":579478.1526,""ymin"":4163425.5357,""ymax"":5498774.4365}",1417,1103,1210.6517686339482,1210.651768633948,Muy bajo|Bajo|Moderado|Alto|Muy alto|Extremo,#4B96E3|#51D1F6|#57E520|#F9FB2F|#EF8504|#F52300,AEMET GeoTIFF ESCALA (GDAL)
aemet_2026_09_24_p_previsto_d7_aemet_incendios_20260924_p_previsto_d7,image,2026-09-24,2026-09-18,2026-09-24,previsto,7,7,Día 7,p,Península y Baleares,raster,data/raw/aemet/aemet_incendios_20260924_p_previsto_d7.tif,assets/aemet/aemet_2026_09_24_p_previsto_d7_aemet_incendios_20260924_p_previsto_d7.png,"[[34.9966,-10.205],[44.215,5.2055]]","GEOGCRS[""WGS 84"",
    ENSEMBLE[""World Geodetic System 1984 ensemble"",
        MEMBER[""World Geodetic System 1984 (Transit)""],
        MEMBER[""World Geodetic System 1984 (G730)""],
        MEMBER[""World Geodetic System 1984 (G873)""],
        MEMBER[""World Geodetic System 1984 (G1150)""],
        MEMBER[""World Geodetic System 1984 (G1674)""],
        MEMBER[""World Geodetic System 1984 (G1762)""],
        MEMBER[""World Geodetic System 1984 (G2139)""],
        ELLIPSOID[""WGS 84"",6378137,298.257223563,
            LENGTHUNIT[""metre"",1]],
        ENSEMBLEACCURACY[2.0]],
    PRIMEM[""Greenwich"",0,
        ANGLEUNIT[""degree"",0.0174532925199433]],
    CS[ellipsoidal,2],
        AXIS[""geodetic latitude (Lat)"",north,
            ORDER[1],
            ANGLEUNIT[""degree"",0.0174532925199433]],
        AXIS[""geodetic longitude (Lon)"",east,
            ORDER[2],
            ANGLEUNIT[""degree"",0.0174532925199433]],
    USAGE[
        SCOPE[""Horizontal component of 3D system.""],
        AREA[""World.""],
        BBOX[-90,-180,90,180]],
    ID[""EPSG"",4326]]",EPSG:3857,"{""xmin"":-10.205,""xmax"":5.205,""ymin"":34.995,""ymax"":44.215}","{""xmin"":-1136015.4035,""xmax"":579478.1526,""ymin"":4163425.5357,""ymax"":5498774.4365}",1417,1103,1210.6517686339482,1210.651768633948,Muy bajo|Bajo|Moderado|Alto|Muy alto|Extremo,#4B96E3|#51D1F6|#57E520|#F9FB2F|#EF8504|#F52300,AEMET GeoTIFF ESCALA (GDAL)
aemet_2026_09_25_p_previsto_d8_aemet_incendios_20260925_p_previsto_d8,image,2026-09-25,2026-09-18,2026-09-25,previsto,8,8,Día 8,p,Península y Baleares,raster,data/raw/aemet/aemet_incendios_20260925_p_previsto_d8.tif,assets/aemet/aemet_2026_09_25_p_previsto_d8_aemet_incendios_20260925_p_previsto_d8.png,"[[34.9966,-10.205],[44.215,5.2055]]","GEOGCRS[""WGS 84"",
    ENSEMBLE[""World Geodetic System 1984 ensemble"",
        MEMBER[""World Geodetic System 1984 (Transit)""],
        MEMBER[""World Geodetic System 1984 (G730)""],
        MEMBER[""World Geodetic System 1984 (G873)""],
        MEMBER[""World Geodetic System 1984 (G1150)""],
        MEMBER[""World Geodetic System 1984 (G1674)""],
        MEMBER[""World Geodetic System 1984 (G1762)""],
        MEMBER[""World Geodetic System 1984 (G2139)""],
        ELLIPSOID[""WGS 84"",6378137,298.257223563,
            LENGTHUNIT[""metre"",1]],
        ENSEMBLEACCURACY[2.0]],
    PRIMEM[""Greenwich"",0,
        ANGLEUNIT[""degree"",0.0174532925199433]],
    CS[ellipsoidal,2],
        AXIS[""geodetic latitude (Lat)"",north,
            ORDER[1],
            ANGLEUNIT[""degree"",0.0174532925199433]],
        AXIS[""geodetic longitude (Lon)"",east,
            ORDER[2],
            ANGLEUNIT[""degree"",0.0174532925199433]],
    USAGE[
        SCOPE[""Horizontal component of 3D system.""],
        AREA[""World.""],
        BBOX[-90,-180,90,180]],
    ID[""EPSG"",4326]]",EPSG:3857,"{""xmin"":-10.205,""xmax"":5.205,""ymin"":34.995,""ymax"":44.215}","{""xmin"":-1136015.4035,""xmax"":579478.1526,""ymin"":4163425.5357,""ymax"":5498774.4365}",1417,1103,1210.6517686339482,1210.651768633948,Muy bajo|Bajo|Moderado|Alto|Muy alto|Extremo,#4B96E3|#51D1F6|#57E520|#F9FB2F|#EF8504|#F52300,AEMET GeoTIFF ESCALA (GDAL)
aemet_2026_09_18_c_previsto_d1_aemet_incendios_20260918_c_previsto_d1,image,2026-09-18,2026-09-18,2026-09-18,previsto,1,1,Día 1,c,Canarias,raster,data/raw/aemet/aemet_incendios_20260918_c_previsto_d1.tif,assets/aemet/aemet_2026_09_18_c_previsto_d1_aemet_incendios_20260918_c_previsto_d1.png,"[[27.4946,-18.205],[29.515,-13.3919]]","GEOGCRS[""WGS 84"",
    ENSEMBLE[""World Geodetic System 1984 ensemble"",
        MEMBER[""World Geodetic System 1984 (Transit)""],
        MEMBER[""World Geodetic System 1984 (G730)""],
        MEMBER[""World Geodetic System 1984 (G873)""],
        MEMBER[""World Geodetic System 1984 (G1150)""],
        MEMBER[""World Geodetic System 1984 (G1674)""],
        MEMBER[""World Geodetic System 1984 (G1762)""],
        MEMBER[""World Geodetic System 1984 (G2139)""],
        ELLIPSOID[""WGS 84"",6378137,298.257223563,
            LENGTHUNIT[""metre"",1]],
        ENSEMBLEACCURACY[2.0]],
    PRIMEM[""Greenwich"",0,
        ANGLEUNIT[""degree"",0.0174532925199433]],
    CS[ellipsoidal,2],
        AXIS[""geodetic latitude (Lat)"",north,
            ORDER[1],
            ANGLEUNIT[""degree"",0.0174532925199433]],
        AXIS[""geodetic longitude (Lon)"",east,
            ORDER[2],
            ANGLEUNIT[""degree"",0.0174532925199433]],
    USAGE[
        SCOPE[""Horizontal component of 3D system.""],
        AREA[""World.""],
        BBOX[-90,-180,90,180]],
    ID[""EPSG"",4326]]",EPSG:3857,"{""xmin"":-18.205,""xmax"":-13.395,""ymin"":27.495,""ymax"":29.515}","{""xmin"":-2026571.3299,""xmax"":-1490782.1349,""ymin"":3185408.4677,""ymax"":3441358.72}",471,225,1137.5566771635963,1137.5566771635952,Muy bajo|Bajo|Moderado|Alto|Muy alto|Extremo,#4B96E3|#51D1F6|#57E520|#F9FB2F|#EF8504|#F52300,AEMET GeoTIFF ESCALA (GDAL)
aemet_2026_09_19_c_previsto_d2_aemet_incendios_20260919_c_previsto_d2,image,2026-09-19,2026-09-18,2026-09-19,previsto,2,2,Día 2,c,Canarias,raster,data/raw/aemet/aemet_incendios_20260919_c_previsto_d2.tif,assets/aemet/aemet_2026_09_19_c_previsto_d2_aemet_incendios_20260919_c_previsto_d2.png,"[[27.4946,-18.205],[29.515,-13.3919]]","GEOGCRS[""WGS 84"",
    ENSEMBLE[""World Geodetic System 1984 ensemble"",
        MEMBER[""World Geodetic System 1984 (Transit)""],
        MEMBER[""World Geodetic System 1984 (G730)""],
        MEMBER[""World Geodetic System 1984 (G873)""],
        MEMBER[""World Geodetic System 1984 (G1150)""],
        MEMBER[""World Geodetic System 1984 (G1674)""],
        MEMBER[""World Geodetic System 1984 (G1762)""],
        MEMBER[""World Geodetic System 1984 (G2139)""],
        ELLIPSOID[""WGS 84"",6378137,298.257223563,
            LENGTHUNIT[""metre"",1]],
        ENSEMBLEACCURACY[2.0]],
    PRIMEM[""Greenwich"",0,
        ANGLEUNIT[""degree"",0.0174532925199433]],
    CS[ellipsoidal,2],
        AXIS[""geodetic latitude (Lat)"",north,
            ORDER[1],
            ANGLEUNIT[""degree"",0.0174532925199433]],
        AXIS[""geodetic longitude (Lon)"",east,
            ORDER[2],
            ANGLEUNIT[""degree"",0.0174532925199433]],
    USAGE[
        SCOPE[""Horizontal component of 3D system.""],
        AREA[""World.""],
        BBOX[-90,-180,90,180]],
    ID[""EPSG"",4326]]",EPSG:3857,"{""xmin"":-18.205,""xmax"":-13.395,""ymin"":27.495,""ymax"":29.515}","{""xmin"":-2026571.3299,""xmax"":-1490782.1349,""ymin"":3185408.4677,""ymax"":3441358.72}",471,225,1137.5566771635963,1137.5566771635952,Muy bajo|Bajo|Moderado|Alto|Muy alto|Extremo,#4B96E3|#51D1F6|#57E520|#F9FB2F|#EF8504|#F52300,AEMET GeoTIFF ESCALA (GDAL)
aemet_2026_09_20_c_previsto_d3_aemet_incendios_20260920_c_previsto_d3,image,2026-09-20,2026-09-18,2026-09-20,previsto,3,3,Día 3,c,Canarias,raster,data/raw/aemet/aemet_incendios_20260920_c_previsto_d3.tif,assets/aemet/aemet_2026_09_20_c_previsto_d3_aemet_incendios_20260920_c_previsto_d3.png,"[[27.4946,-18.205],[29.515,-13.3919]]","GEOGCRS[""WGS 84"",
    ENSEMBLE[""World Geodetic System 1984 ensemble"",
        MEMBER[""World Geodetic System 1984 (Transit)""],
        MEMBER[""World Geodetic System 1984 (G730)""],
        MEMBER[""World Geodetic System 1984 (G873)""],
        MEMBER[""World Geodetic System 1984 (G1150)""],
        MEMBER[""World Geodetic System 1984 (G1674)""],
        MEMBER[""World Geodetic System 1984 (G1762)""],
        MEMBER[""World Geodetic System 1984 (G2139)""],
        ELLIPSOID[""WGS 84"",6378137,298.257223563,
            LENGTHUNIT[""metre"",1]],
        ENSEMBLEACCURACY[2.0]],
    PRIMEM[""Greenwich"",0,
        ANGLEUNIT[""degree"",0.0174532925199433]],
    CS[ellipsoidal,2],
        AXIS[""geodetic latitude (Lat)"",north,
            ORDER[1],
            ANGLEUNIT[""degree"",0.0174532925199433]],
        AXIS[""geodetic longitude (Lon)"",east,
            ORDER[2],
            ANGLEUNIT[""degree"",0.0174532925199433]],
    USAGE[
        SCOPE[""Horizontal component of 3D system.""],
        AREA[""World.""],
        BBOX[-90,-180,90,180]],
    ID[""EPSG"",4326]]",EPSG:3857,"{""xmin"":-18.205,""xmax"":-13.395,""ymin"":27.495,""ymax"":29.515}","{""xmin"":-2026571.3299,""xmax"":-1490782.1349,""ymin"":3185408.4677,""ymax"":3441358.72}",471,225,1137.5566771635963,1137.5566771635952,Muy bajo|Bajo|Moderado|Alto|Muy alto|Extremo,#4B96E3|#51D1F6|#57E520|#F9FB2F|#EF8504|#F52300,AEMET GeoTIFF ESCALA (GDAL)
aemet_2026_09_21_c_previsto_d4_aemet_incendios_20260921_c_previsto_d4,image,2026-09-21,2026-09-18,2026-09-21,previsto,4,4,Día 4,c,Canarias,raster,data/raw/aemet/aemet_incendios_20260921_c_previsto_d4.tif,assets/aemet/aemet_2026_09_21_c_previsto_d4_aemet_incendios_20260921_c_previsto_d4.png,"[[27.4946,-18.205],[29.515,-13.3919]]","GEOGCRS[""WGS 84"",
    ENSEMBLE[""World Geodetic System 1984 ensemble"",
        MEMBER[""World Geodetic System 1984 (Transit)""],
        MEMBER[""World Geodetic System 1984 (G730)""],
        MEMBER[""World Geodetic System 1984 (G873)""],
        MEMBER[""World Geodetic System 1984 (G1150)""],
        MEMBER[""World Geodetic System 1984 (G1674)""],
        MEMBER[""World Geodetic System 1984 (G1762)""],
        MEMBER[""World Geodetic System 1984 (G2139)""],
        ELLIPSOID[""WGS 84"",6378137,298.257223563,
            LENGTHUNIT[""metre"",1]],
        ENSEMBLEACCURACY[2.0]],
    PRIMEM[""Greenwich"",0,
        ANGLEUNIT[""degree"",0.0174532925199433]],
    CS[ellipsoidal,2],
        AXIS[""geodetic latitude (Lat)"",north,
            ORDER[1],
            ANGLEUNIT[""degree"",0.0174532925199433]],
        AXIS[""geodetic longitude (Lon)"",east,
            ORDER[2],
            ANGLEUNIT[""degree"",0.0174532925199433]],
    USAGE[
        SCOPE[""Horizontal component of 3D system.""],
        AREA[""World.""],
        BBOX[-90,-180,90,180]],
    ID[""EPSG"",4326]]",EPSG:3857,"{""xmin"":-18.205,""xmax"":-13.395,""ymin"":27.495,""ymax"":29.515}","{""xmin"":-2026571.3299,""xmax"":-1490782.1349,""ymin"":3185408.4677,""ymax"":3441358.72}",471,225,1137.5566771635963,1137.5566771635952,Muy bajo|Bajo|Moderado|Alto|Muy alto|Extremo,#4B96E3|#51D1F6|#57E520|#F9FB2F|#EF8504|#F52300,AEMET GeoTIFF ESCALA (GDAL)
aemet_2026_09_22_c_previsto_d5_aemet_incendios_20260922_c_previsto_d5,image,2026-09-22,2026-09-18,2026-09-22,previsto,5,5,Día 5,c,Canarias,raster,data/raw/aemet/aemet_incendios_20260922_c_previsto_d5.tif,assets/aemet/aemet_2026_09_22_c_previsto_d5_aemet_incendios_20260922_c_previsto_d5.png,"[[27.4946,-18.205],[29.515,-13.3919]]","GEOGCRS[""WGS 84"",
    ENSEMBLE[""World Geodetic System 1984 ensemble"",
        MEMBER[""World Geodetic System 1984 (Transit)""],
        MEMBER[""World Geodetic System 1984 (G730)""],
        MEMBER[""World Geodetic System 1984 (G873)""],
        MEMBER[""World Geodetic System 1984 (G1150)""],
        MEMBER[""World Geodetic System 1984 (G1674)""],
        MEMBER[""World Geodetic System 1984 (G1762)""],
        MEMBER[""World Geodetic System 1984 (G2139)""],
        ELLIPSOID[""WGS 84"",6378137,298.257223563,
            LENGTHUNIT[""metre"",1]],
        ENSEMBLEACCURACY[2.0]],
    PRIMEM[""Greenwich"",0,
        ANGLEUNIT[""degree"",0.0174532925199433]],
    CS[ellipsoidal,2],
        AXIS[""geodetic latitude (Lat)"",north,
            ORDER[1],
            ANGLEUNIT[""degree"",0.0174532925199433]],
        AXIS[""geodetic longitude (Lon)"",east,
            ORDER[2],
            ANGLEUNIT[""degree"",0.0174532925199433]],
    USAGE[
        SCOPE[""Horizontal component of 3D system.""],
        AREA[""World.""],
        BBOX[-90,-180,90,180]],
    ID[""EPSG"",4326]]",EPSG:3857,"{""xmin"":-18.205,""xmax"":-13.395,""ymin"":27.495,""ymax"":29.515}","{""xmin"":-2026571.3299,""xmax"":-1490782.1349,""ymin"":3185408.4677,""ymax"":3441358.72}",471,225,1137.5566771635963,1137.5566771635952,Muy bajo|Bajo|Moderado|Alto|Muy alto|Extremo,#4B96E3|#51D1F6|#57E520|#F9FB2F|#EF8504|#F52300,AEMET GeoTIFF ESCALA (GDAL)
aemet_2026_09_23_c_previsto_d6_aemet_incendios_20260923_c_previsto_d6,image,2026-09-23,2026-09-18,2026-09-23,previsto,6,6,Día 6,c,Canarias,raster,data/raw/aemet/aemet_incendios_20260923_c_previsto_d6.tif,assets/aemet/aemet_2026_09_23_c_previsto_d6_aemet_incendios_20260923_c_previsto_d6.png,"[[27.4946,-18.205],[29.515,-13.3919]]","GEOGCRS[""WGS 84"",
    ENSEMBLE[""World Geodetic System 1984 ensemble"",
        MEMBER[""World Geodetic System 1984 (Transit)""],
        MEMBER[""World Geodetic System 1984 (G730)""],
        MEMBER[""World Geodetic System 1984 (G873)""],
        MEMBER[""World Geodetic System 1984 (G1150)""],
        MEMBER[""World Geodetic System 1984 (G1674)""],
        MEMBER[""World Geodetic System 1984 (G1762)""],
        MEMBER[""World Geodetic System 1984 (G2139)""],
        ELLIPSOID[""WGS 84"",6378137,298.257223563,
            LENGTHUNIT[""metre"",1]],
        ENSEMBLEACCURACY[2.0]],
    PRIMEM[""Greenwich"",0,
        ANGLEUNIT[""degree"",0.0174532925199433]],
    CS[ellipsoidal,2],
        AXIS[""geodetic latitude (Lat)"",north,
            ORDER[1],
            ANGLEUNIT[""degree"",0.0174532925199433]],
        AXIS[""geodetic longitude (Lon)"",east,
            ORDER[2],
            ANGLEUNIT[""degree"",0.0174532925199433]],
    USAGE[
        SCOPE[""Horizontal component of 3D system.""],
        AREA[""World.""],
        BBOX[-90,-180,90,180]],
    ID[""EPSG"",4326]]",EPSG:3857,"{""xmin"":-18.205,""xmax"":-13.395,""ymin"":27.495,""ymax"":29.515}","{""xmin"":-2026571.3299,""xmax"":-1490782.1349,""ymin"":3185408.4677,""ymax"":3441358.72}",471,225,1137.5566771635963,1137.5566771635952,Muy bajo|Bajo|Moderado|Alto|Muy alto|Extremo,#4B96E3|#51D1F6|#57E520|#F9FB2F|#EF8504|#F52300,AEMET GeoTIFF ESCALA (GDAL)
aemet_2026_09_24_c_previsto_d7_aemet_incendios_20260924_c_previsto_d7,image,2026-09-24,2026-09-18,2026-09-24,previsto,7,7,Día 7,c,Canarias,raster,data/raw/aemet/aemet_incendios_20260924_c_previsto_d7.tif,assets/aemet/aemet_2026_09_24_c_previsto_d7_aemet_incendios_20260924_c_previsto_d7.png,"[[27.4946,-18.205],[29.515,-13.3919]]","GEOGCRS[""WGS 84"",
    ENSEMBLE[""World Geodetic System 1984 ensemble"",
        MEMBER[""World Geodetic System 1984 (Transit)""],
        MEMBER[""World Geodetic System 1984 (G730)""],
        MEMBER[""World Geodetic System 1984 (G873)""],
        MEMBER[""World Geodetic System 1984 (G1150)""],
        MEMBER[""World Geodetic System 1984 (G1674)""],
        MEMBER[""World Geodetic System 1984 (G1762)""],
        MEMBER[""World Geodetic System 1984 (G2139)""],
        ELLIPSOID[""WGS 84"",6378137,298.257223563,
            LENGTHUNIT[""metre"",1]],
        ENSEMBLEACCURACY[2.0]],
    PRIMEM[""Greenwich"",0,
        ANGLEUNIT[""degree"",0.0174532925199433]],
    CS[ellipsoidal,2],
        AXIS[""geodetic latitude (Lat)"",north,
            ORDER[1],
            ANGLEUNIT[""degree"",0.0174532925199433]],
        AXIS[""geodetic longitude (Lon)"",east,
            ORDER[2],
            ANGLEUNIT[""degree"",0.0174532925199433]],
    USAGE[
        SCOPE[""Horizontal component of 3D system.""],
        AREA[""World.""],
        BBOX[-90,-180,90,180]],
    ID[""EPSG"",4326]]",EPSG:3857,"{""xmin"":-18.205,""xmax"":-13.395,""ymin"":27.495,""ymax"":29.515}","{""xmin"":-2026571.3299,""xmax"":-1490782.1349,""ymin"":3185408.4677,""ymax"":3441358.72}",471,225,1137.5566771635963,1137.5566771635952,Muy bajo|Bajo|Moderado|Alto|Muy alto|Extremo,#4B96E3|#51D1F6|#57E520|#F9FB2F|#EF8504|#F52300,AEMET GeoTIFF ESCALA (GDAL)
aemet_2026_09_25_c_previsto_d8_aemet_incendios_20260925_c_previsto_d8,image,2026-09-25,2026-09-18,2026-09-25,previsto,8,8,Día 8,c,Canarias,raster,data/raw/aemet/aemet_incendios_20260925_c_previsto_d8.tif,assets/aemet/aemet_2026_09_25_c_previsto_d8_aemet_incendios_20260925_c_previsto_d8.png,"[[27.4946,-18.205],[29.515,-13.3919]]","GEOGCRS[""WGS 84"",
    ENSEMBLE[""World Geodetic System 1984 ensemble"",
        MEMBER[""World Geodetic System 1984 (Transit)""],
        MEMBER[""World Geodetic System 1984 (G730)""],
        MEMBER[""World Geodetic System 1984 (G873)""],
        MEMBER[""World Geodetic System 1984 (G1150)""],
        MEMBER[""World Geodetic System 1984 (G1674)""],
        MEMBER[""World Geodetic System 1984 (G1762)""],
        MEMBER[""World Geodetic System 1984 (G2139)""],
        ELLIPSOID[""WGS 84"",6378137,298.257223563,
            LENGTHUNIT[""metre"",1]],
        ENSEMBLEACCURACY[2.0]],
    PRIMEM[""Greenwich"",0,
        ANGLEUNIT[""degree"",0.0174532925199433]],
    CS[ellipsoidal,2],
        AXIS[""geodetic latitude (Lat)"",north,
            ORDER[1],
            ANGLEUNIT[""degree"",0.0174532925199433]],
        AXIS[""geodetic longitude (Lon)"",east,
            ORDER[2],
            ANGLEUNIT[""degree"",0.0174532925199433]],
    USAGE[
        SCOPE[""Horizontal component of 3D system.""],
        AREA[""World.""],
        BBOX[-90,-180,90,180]],
    ID[""EPSG"",4326]]",EPSG:3857,"{""xmin"":-18.205,""xmax"":-13.395,""ymin"":27.495,""ymax"":29.515}","{""xmin"":-2026571.3299,""xmax"":-1490782.1349,""ymin"":3185408.4677,""ymax"":3441358.72}",471,225,1137.5566771635963,1137.5566771635952,Muy bajo|Bajo|Moderado|Alto|Muy alto|Extremo,#4B96E3|#51D1F6|#57E520|#F9FB2F|#EF8504|#F52300,AEMET GeoTIFF ESCALA (GDAL)
