cluster_id,alerta_operativa,score,longitude,latitude,n_focos,n_ultimas_6h,n_ultimas_24h,frp_total_mw,frp_max_mw,edad_min_h,ultima_deteccion_utc,sensores,satellites,instruments,popup_label
ALERT-20261004-001,media,104.9,-0.25308555555555556,35.79899888888889,45,0,25,139.3,10,8.7,2026-10-04 13:01:00,"VIIRS_NOAA20_NRT, VIIRS_SNPP_NRT","N, N20",VIIRS,<strong>ALERT-20261004-001</strong><br>Nivel: media<br>Focos: 45<br>Últimas 6 h: 0<br>FRP total: 139.3 MW<br>Última detección UTC: 2026-10-04 13:01:00
ALERT-20261004-002,media,103.9,3.222631794871795,32.89813615384615,39,0,29,31,4.2,20,2026-10-04 01:43:00,"VIIRS_NOAA20_NRT, VIIRS_SNPP_NRT","N, N20",VIIRS,<strong>ALERT-20261004-002</strong><br>Nivel: media<br>Focos: 39<br>Últimas 6 h: 0<br>FRP total: 31 MW<br>Última detección UTC: 2026-10-04 01:43:00
ALERT-20261004-003,media,103.3,4.895224871794872,43.439678717948716,39,0,28,61.1,4.2,18.7,2026-10-04 03:00:00,"VIIRS_NOAA20_NRT, VIIRS_SNPP_NRT","N, N20",VIIRS,<strong>ALERT-20261004-003</strong><br>Nivel: media<br>Focos: 39<br>Últimas 6 h: 0<br>FRP total: 61.1 MW<br>Última detección UTC: 2026-10-04 03:00:00
ALERT-20261004-004,media,48.1,3.3284886666666664,33.12286,15,0,13,34.4,13.2,8.7,2026-10-04 13:01:00,"VIIRS_NOAA20_NRT, VIIRS_SNPP_NRT","N, N20",VIIRS,<strong>ALERT-20261004-004</strong><br>Nivel: media<br>Focos: 15<br>Últimas 6 h: 0<br>FRP total: 34.4 MW<br>Última detección UTC: 2026-10-04 13:01:00
ALERT-20261004-005,media,35.7,3.987551875,32.276993125000004,16,0,6,46,8.9,8.7,2026-10-04 13:01:00,"VIIRS_NOAA20_NRT, VIIRS_SNPP_NRT","N, N20",VIIRS,<strong>ALERT-20261004-005</strong><br>Nivel: media<br>Focos: 16<br>Últimas 6 h: 0<br>FRP total: 46 MW<br>Última detección UTC: 2026-10-04 13:01:00
ALERT-20261004-006,media,35.6,3.1685035714285714,32.55464785714286,14,0,7,44.4,6.3,8.7,2026-10-04 13:01:00,"VIIRS_NOAA20_NRT, VIIRS_SNPP_NRT","N, N20",VIIRS,<strong>ALERT-20261004-006</strong><br>Nivel: media<br>Focos: 14<br>Últimas 6 h: 0<br>FRP total: 44.4 MW<br>Última detección UTC: 2026-10-04 13:01:00
ALERT-20261004-007,media,26.7,-0.51722,28.200606,10,0,5,27.9,5.6,8.8,2026-10-04 12:59:00,"VIIRS_NOAA20_NRT, VIIRS_SNPP_NRT","N, N20",VIIRS,<strong>ALERT-20261004-007</strong><br>Nivel: media<br>Focos: 10<br>Últimas 6 h: 0<br>FRP total: 27.9 MW<br>Última detección UTC: 2026-10-04 12:59:00
ALERT-20261004-008,media,23.1,1.24148375,36.1275675,8,0,5,11.9,2.5,8.7,2026-10-04 13:01:00,"VIIRS_NOAA20_NRT, VIIRS_SNPP_NRT","N, N20",VIIRS,<strong>ALERT-20261004-008</strong><br>Nivel: media<br>Focos: 8<br>Últimas 6 h: 0<br>FRP total: 11.9 MW<br>Última detección UTC: 2026-10-04 13:01:00
ALERT-20261004-009,media,22.5,0.23616222222222222,27.823615555555556,9,0,3,42,8.7,20,2026-10-04 01:43:00,"VIIRS_NOAA20_NRT, VIIRS_SNPP_NRT","N, N20",VIIRS,<strong>ALERT-20261004-009</strong><br>Nivel: media<br>Focos: 9<br>Últimas 6 h: 0<br>FRP total: 42 MW<br>Última detección UTC: 2026-10-04 01:43:00
ALERT-20261004-010,media,22.3,3.06078,36.635999999999996,8,0,4,21.9,3.6,8.7,2026-10-04 13:01:00,"VIIRS_NOAA20_NRT, VIIRS_SNPP_NRT","N, N20",VIIRS,<strong>ALERT-20261004-010</strong><br>Nivel: media<br>Focos: 8<br>Últimas 6 h: 0<br>FRP total: 21.9 MW<br>Última detección UTC: 2026-10-04 13:01:00
ALERT-20261004-011,media,18.4,1.0971333333333333,35.41856,3,0,3,107.1,35.7,9,2026-10-04 12:44:00,VIIRS_SNPP_NRT,N,VIIRS,<strong>ALERT-20261004-011</strong><br>Nivel: media<br>Focos: 3<br>Últimas 6 h: 0<br>FRP total: 107.1 MW<br>Última detección UTC: 2026-10-04 12:44:00
ALERT-20261004-012,media,18.2,-3.47529,40.244644,5,0,4,12.2,3.5,20,2026-10-04 01:43:00,"VIIRS_NOAA20_NRT, VIIRS_SNPP_NRT","N, N20",VIIRS,<strong>ALERT-20261004-012</strong><br>Nivel: media<br>Focos: 5<br>Últimas 6 h: 0<br>FRP total: 12.2 MW<br>Última detección UTC: 2026-10-04 01:43:00
ALERT-20261004-013,media,18.1,-0.15920333333333334,28.211591666666667,6,0,4,6.8,2,8.8,2026-10-04 12:59:00,"VIIRS_NOAA20_NRT, VIIRS_SNPP_NRT","N, N20",VIIRS,<strong>ALERT-20261004-013</strong><br>Nivel: media<br>Focos: 6<br>Últimas 6 h: 0<br>FRP total: 6.8 MW<br>Última detección UTC: 2026-10-04 12:59:00
ALERT-20261004-014,media,17,0.125578,36.017412,5,0,4,6.3,2.3,9,2026-10-04 12:44:00,"VIIRS_NOAA20_NRT, VIIRS_SNPP_NRT","N, N20",VIIRS,<strong>ALERT-20261004-014</strong><br>Nivel: media<br>Focos: 5<br>Últimas 6 h: 0<br>FRP total: 6.3 MW<br>Última detección UTC: 2026-10-04 12:44:00
ALERT-20261004-015,media,15.2,-0.9390766666666667,35.566775,6,0,3,3.9,1.2,20.1,2026-10-04 01:41:00,"VIIRS_NOAA20_NRT, VIIRS_SNPP_NRT","N, N20",VIIRS,<strong>ALERT-20261004-015</strong><br>Nivel: media<br>Focos: 6<br>Últimas 6 h: 0<br>FRP total: 3.9 MW<br>Última detección UTC: 2026-10-04 01:41:00
ALERT-20261004-016,media,14.7,-0.3947,35.46011,4,0,4,2.8,1.1,18.7,2026-10-04 03:04:00,"VIIRS_NOAA20_NRT, VIIRS_SNPP_NRT","N, N20",VIIRS,<strong>ALERT-20261004-016</strong><br>Nivel: media<br>Focos: 4<br>Últimas 6 h: 0<br>FRP total: 2.8 MW<br>Última detección UTC: 2026-10-04 03:04:00
ALERT-20261004-017,media,14.6,4.47586,35.708022,5,0,3,5,1.4,20.1,2026-10-04 01:41:00,"VIIRS_NOAA20_NRT, VIIRS_SNPP_NRT","N, N20",VIIRS,<strong>ALERT-20261004-017</strong><br>Nivel: media<br>Focos: 5<br>Últimas 6 h: 0<br>FRP total: 5 MW<br>Última detección UTC: 2026-10-04 01:41:00
ALERT-20261004-018,media,13.8,2.93221,30.130625,2,0,2,49,34.7,9,2026-10-04 12:42:00,VIIRS_SNPP_NRT,N,VIIRS,<strong>ALERT-20261004-018</strong><br>Nivel: media<br>Focos: 2<br>Últimas 6 h: 0<br>FRP total: 49 MW<br>Última detección UTC: 2026-10-04 12:42:00
ALERT-20261004-019,media,13.2,3.393705,32.842999999999996,4,0,2,12.4,4,8.7,2026-10-04 13:01:00,"VIIRS_NOAA20_NRT, VIIRS_SNPP_NRT","N, N20",VIIRS,<strong>ALERT-20261004-019</strong><br>Nivel: media<br>Focos: 4<br>Últimas 6 h: 0<br>FRP total: 12.4 MW<br>Última detección UTC: 2026-10-04 13:01:00
ALERT-20261004-020,media,12.5,-0.5448500000000001,38.3778975,4,0,3,2.5,1,18.7,2026-10-04 03:02:00,"VIIRS_NOAA20_NRT, VIIRS_SNPP_NRT","N, N20",VIIRS,<strong>ALERT-20261004-020</strong><br>Nivel: media<br>Focos: 4<br>Últimas 6 h: 0<br>FRP total: 2.5 MW<br>Última detección UTC: 2026-10-04 03:02:00
ALERT-20261004-021,media,11.2,-6.97377,43.000456666666665,3,0,0,60.3,23.8,32.3,2026-10-03 13:25:00,"VIIRS_NOAA20_NRT, VIIRS_SNPP_NRT","N, N20",VIIRS,<strong>ALERT-20261004-021</strong><br>Nivel: media<br>Focos: 3<br>Últimas 6 h: 0<br>FRP total: 60.3 MW<br>Última detección UTC: 2026-10-03 13:25:00
ALERT-20261004-022,media,11.1,4.00525,32.40132,4,0,2,3.6,1.4,20,2026-10-04 01:43:00,"VIIRS_NOAA20_NRT, VIIRS_SNPP_NRT","N, N20",VIIRS,<strong>ALERT-20261004-022</strong><br>Nivel: media<br>Focos: 4<br>Últimas 6 h: 0<br>FRP total: 3.6 MW<br>Última detección UTC: 2026-10-04 01:43:00
ALERT-20261004-023,media,10.7,3.366885,39.57655,2,0,2,9.3,5.6,9,2026-10-04 12:44:00,VIIRS_SNPP_NRT,N,VIIRS,<strong>ALERT-20261004-023</strong><br>Nivel: media<br>Focos: 2<br>Últimas 6 h: 0<br>FRP total: 9.3 MW<br>Última detección UTC: 2026-10-04 12:44:00
ALERT-20261004-024,media,10.6,-1.3419075,35.3113,4,0,2,2.6,1,18.7,2026-10-04 03:04:00,"VIIRS_NOAA20_NRT, VIIRS_SNPP_NRT","N, N20",VIIRS,<strong>ALERT-20261004-024</strong><br>Nivel: media<br>Focos: 4<br>Últimas 6 h: 0<br>FRP total: 2.6 MW<br>Última detección UTC: 2026-10-04 03:04:00
ALERT-20261004-025,media,10.4,3.105455,39.366285,2,0,2,8,4.8,9,2026-10-04 12:44:00,VIIRS_SNPP_NRT,N,VIIRS,<strong>ALERT-20261004-025</strong><br>Nivel: media<br>Focos: 2<br>Últimas 6 h: 0<br>FRP total: 8 MW<br>Última detección UTC: 2026-10-04 12:44:00
ALERT-20261004-026,media,9.7,-8.421503333333334,40.288473333333336,3,0,2,2.9,1.1,18.4,2026-10-04 03:21:00,VIIRS_NOAA20_NRT,N20,VIIRS,<strong>ALERT-20261004-026</strong><br>Nivel: media<br>Focos: 3<br>Últimas 6 h: 0<br>FRP total: 2.9 MW<br>Última detección UTC: 2026-10-04 03:21:00
ALERT-20261004-027,media,8.1,4.4474350000000005,35.87777,2,0,2,1.9,1.1,20.1,2026-10-04 01:41:00,"VIIRS_NOAA20_NRT, VIIRS_SNPP_NRT","N, N20",VIIRS,<strong>ALERT-20261004-027</strong><br>Nivel: media<br>Focos: 2<br>Últimas 6 h: 0<br>FRP total: 1.9 MW<br>Última detección UTC: 2026-10-04 01:41:00
ALERT-20261004-028,media,7.8,-8.436045,43.34715,2,0,2,1.5,0.8,18.4,2026-10-04 03:21:00,"VIIRS_NOAA20_NRT, VIIRS_SNPP_NRT","N, N20",VIIRS,<strong>ALERT-20261004-028</strong><br>Nivel: media<br>Focos: 2<br>Últimas 6 h: 0<br>FRP total: 1.5 MW<br>Última detección UTC: 2026-10-04 03:21:00
ALERT-20261004-029,media,7.8,-3.7449649999999997,39.9369,2,0,2,1.5,0.8,20,2026-10-04 01:43:00,"VIIRS_NOAA20_NRT, VIIRS_SNPP_NRT","N, N20",VIIRS,<strong>ALERT-20261004-029</strong><br>Nivel: media<br>Focos: 2<br>Últimas 6 h: 0<br>FRP total: 1.5 MW<br>Última detección UTC: 2026-10-04 01:43:00
ALERT-20261004-030,seguimiento,7.6,-8.4121,32.46691,1,0,1,8.8,8.8,7.4,2026-10-04 14:22:00,VIIRS_SNPP_NRT,N,VIIRS,<strong>ALERT-20261004-030</strong><br>Nivel: seguimiento<br>Focos: 1<br>Últimas 6 h: 0<br>FRP total: 8.8 MW<br>Última detección UTC: 2026-10-04 14:22:00
ALERT-20261004-031,seguimiento,6.4,4.72545,36.72182,1,0,1,4.6,4.6,8.7,2026-10-04 13:01:00,VIIRS_NOAA20_NRT,N20,VIIRS,<strong>ALERT-20261004-031</strong><br>Nivel: seguimiento<br>Focos: 1<br>Últimas 6 h: 0<br>FRP total: 4.6 MW<br>Última detección UTC: 2026-10-04 13:01:00
ALERT-20261004-032,seguimiento,6.1,3.04484,36.27163,1,0,1,3.8,3.8,9,2026-10-04 12:44:00,VIIRS_SNPP_NRT,N,VIIRS,<strong>ALERT-20261004-032</strong><br>Nivel: seguimiento<br>Focos: 1<br>Últimas 6 h: 0<br>FRP total: 3.8 MW<br>Última detección UTC: 2026-10-04 12:44:00
ALERT-20261004-033,seguimiento,6,4.41143,36.8385,1,0,1,3.5,3.5,9,2026-10-04 12:44:00,VIIRS_SNPP_NRT,N,VIIRS,<strong>ALERT-20261004-033</strong><br>Nivel: seguimiento<br>Focos: 1<br>Últimas 6 h: 0<br>FRP total: 3.5 MW<br>Última detección UTC: 2026-10-04 12:44:00
ALERT-20261004-034,seguimiento,5.6,-0.27659500000000004,35.53164,2,0,1,1.2,0.7,20.1,2026-10-04 01:41:00,VIIRS_NOAA20_NRT,N20,VIIRS,<strong>ALERT-20261004-034</strong><br>Nivel: seguimiento<br>Focos: 2<br>Últimas 6 h: 0<br>FRP total: 1.2 MW<br>Última detección UTC: 2026-10-04 01:41:00
ALERT-20261004-035,seguimiento,5.4,-5.29394,34.98883,1,0,1,2.4,2.4,7.3,2026-10-04 14:25:00,VIIRS_SNPP_NRT,N,VIIRS,<strong>ALERT-20261004-035</strong><br>Nivel: seguimiento<br>Focos: 1<br>Últimas 6 h: 0<br>FRP total: 2.4 MW<br>Última detección UTC: 2026-10-04 14:25:00
ALERT-20261004-036,seguimiento,5.4,3.14492,39.75392,1,0,1,2.4,2.4,9,2026-10-04 12:44:00,VIIRS_SNPP_NRT,N,VIIRS,<strong>ALERT-20261004-036</strong><br>Nivel: seguimiento<br>Focos: 1<br>Últimas 6 h: 0<br>FRP total: 2.4 MW<br>Última detección UTC: 2026-10-04 12:44:00
ALERT-20261004-037,seguimiento,5.4,-3.65619,39.53978,1,0,1,2.3,2.3,8.7,2026-10-04 13:04:00,VIIRS_NOAA20_NRT,N20,VIIRS,<strong>ALERT-20261004-037</strong><br>Nivel: seguimiento<br>Focos: 1<br>Últimas 6 h: 0<br>FRP total: 2.3 MW<br>Última detección UTC: 2026-10-04 13:04:00
ALERT-20261004-038,seguimiento,5.1,-1.68683,38.26013,1,0,1,1.9,1.9,8.7,2026-10-04 13:04:00,VIIRS_NOAA20_NRT,N20,VIIRS,<strong>ALERT-20261004-038</strong><br>Nivel: seguimiento<br>Focos: 1<br>Últimas 6 h: 0<br>FRP total: 1.9 MW<br>Última detección UTC: 2026-10-04 13:04:00
ALERT-20261004-039,seguimiento,4.9,0.17955,41.92136,1,0,1,1.6,1.6,8.7,2026-10-04 13:04:00,VIIRS_NOAA20_NRT,N20,VIIRS,<strong>ALERT-20261004-039</strong><br>Nivel: seguimiento<br>Focos: 1<br>Últimas 6 h: 0<br>FRP total: 1.6 MW<br>Última detección UTC: 2026-10-04 13:04:00
ALERT-20261004-040,seguimiento,4.4,2.0572,34.43805,1,0,1,1,1,20.1,2026-10-04 01:41:00,VIIRS_NOAA20_NRT,N20,VIIRS,<strong>ALERT-20261004-040</strong><br>Nivel: seguimiento<br>Focos: 1<br>Últimas 6 h: 0<br>FRP total: 1 MW<br>Última detección UTC: 2026-10-04 01:41:00
ALERT-20261004-041,seguimiento,4.2,-0.00304,39.95213,1,0,1,0.8,0.8,20.4,2026-10-04 01:22:00,VIIRS_SNPP_NRT,N,VIIRS,<strong>ALERT-20261004-041</strong><br>Nivel: seguimiento<br>Focos: 1<br>Últimas 6 h: 0<br>FRP total: 0.8 MW<br>Última detección UTC: 2026-10-04 01:22:00
ALERT-20261004-042,seguimiento,4.2,-1.90842,36.96717,1,0,1,0.8,0.8,20.1,2026-10-04 01:41:00,VIIRS_NOAA20_NRT,N20,VIIRS,<strong>ALERT-20261004-042</strong><br>Nivel: seguimiento<br>Focos: 1<br>Últimas 6 h: 0<br>FRP total: 0.8 MW<br>Última detección UTC: 2026-10-04 01:41:00
ALERT-20261004-043,seguimiento,3.9,-8.90912,39.68557,1,0,1,0.6,0.6,18.4,2026-10-04 03:21:00,VIIRS_NOAA20_NRT,N20,VIIRS,<strong>ALERT-20261004-043</strong><br>Nivel: seguimiento<br>Focos: 1<br>Últimas 6 h: 0<br>FRP total: 0.6 MW<br>Última detección UTC: 2026-10-04 03:21:00
ALERT-20261004-044,seguimiento,3.9,1.89797,30.91116,1,0,1,0.6,0.6,20,2026-10-04 01:43:00,VIIRS_NOAA20_NRT,N20,VIIRS,<strong>ALERT-20261004-044</strong><br>Nivel: seguimiento<br>Focos: 1<br>Últimas 6 h: 0<br>FRP total: 0.6 MW<br>Última detección UTC: 2026-10-04 01:43:00
ALERT-20261004-045,seguimiento,3.8,1.237,33.36013,1,0,1,0.5,0.5,20,2026-10-04 01:43:00,VIIRS_NOAA20_NRT,N20,VIIRS,<strong>ALERT-20261004-045</strong><br>Nivel: seguimiento<br>Focos: 1<br>Últimas 6 h: 0<br>FRP total: 0.5 MW<br>Última detección UTC: 2026-10-04 01:43:00
ALERT-20261004-046,informativa,13.7,-7.4638985714285715,40.18752428571429,7,0,0,27.1,6.8,32.4,2026-10-03 13:23:00,VIIRS_NOAA20_NRT,N20,VIIRS,<strong>ALERT-20261004-046</strong><br>Nivel: informativa<br>Focos: 7<br>Últimas 6 h: 0<br>FRP total: 27.1 MW<br>Última detección UTC: 2026-10-03 13:23:00
ALERT-20261004-047,informativa,11,0.05313,28.2745225,4,0,0,32.2,13.2,32.4,2026-10-03 13:21:00,"VIIRS_NOAA20_NRT, VIIRS_SNPP_NRT","N, N20",VIIRS,<strong>ALERT-20261004-047</strong><br>Nivel: informativa<br>Focos: 4<br>Últimas 6 h: 0<br>FRP total: 32.2 MW<br>Última detección UTC: 2026-10-03 13:21:00
ALERT-20261004-048,informativa,9.6,-8.553995,40.81173,4,0,0,15.4,4.4,32.4,2026-10-03 13:23:00,VIIRS_NOAA20_NRT,N20,VIIRS,<strong>ALERT-20261004-048</strong><br>Nivel: informativa<br>Focos: 4<br>Últimas 6 h: 0<br>FRP total: 15.4 MW<br>Última detección UTC: 2026-10-03 13:23:00
ALERT-20261004-049,informativa,7.3,-7.002924999999999,39.653915,2,0,0,13.2,8.7,32.4,2026-10-03 13:23:00,VIIRS_NOAA20_NRT,N20,VIIRS,<strong>ALERT-20261004-049</strong><br>Nivel: informativa<br>Focos: 2<br>Últimas 6 h: 0<br>FRP total: 13.2 MW<br>Última detección UTC: 2026-10-03 13:23:00
ALERT-20261004-050,informativa,6.5,-8.738755000000001,42.207485,2,0,0,8.6,6.2,32.3,2026-10-03 13:25:00,VIIRS_NOAA20_NRT,N20,VIIRS,<strong>ALERT-20261004-050</strong><br>Nivel: informativa<br>Focos: 2<br>Últimas 6 h: 0<br>FRP total: 8.6 MW<br>Última detección UTC: 2026-10-03 13:25:00
ALERT-20261004-051,informativa,6,1.01668,35.54005,1,0,0,10.9,10.9,32.7,2026-10-03 13:01:00,VIIRS_SNPP_NRT,N,VIIRS,<strong>ALERT-20261004-051</strong><br>Nivel: informativa<br>Focos: 1<br>Últimas 6 h: 0<br>FRP total: 10.9 MW<br>Última detección UTC: 2026-10-03 13:01:00
ALERT-20261004-052,informativa,5.8,4.41859,36.4826,1,0,0,10.1,10.1,32.7,2026-10-03 13:01:00,VIIRS_SNPP_NRT,N,VIIRS,<strong>ALERT-20261004-052</strong><br>Nivel: informativa<br>Focos: 1<br>Últimas 6 h: 0<br>FRP total: 10.1 MW<br>Última detección UTC: 2026-10-03 13:01:00
ALERT-20261004-053,informativa,5.6,-2.3473100000000002,34.59648,3,0,0,2.6,1,43.7,2026-10-03 02:02:00,"VIIRS_NOAA20_NRT, VIIRS_SNPP_NRT","N, N20",VIIRS,<strong>ALERT-20261004-053</strong><br>Nivel: informativa<br>Focos: 3<br>Últimas 6 h: 0<br>FRP total: 2.6 MW<br>Última detección UTC: 2026-10-03 02:02:00
ALERT-20261004-054,informativa,5.2,0.01989,27.53116,1,0,0,7,7,32.4,2026-10-03 13:21:00,VIIRS_NOAA20_NRT,N20,VIIRS,<strong>ALERT-20261004-054</strong><br>Nivel: informativa<br>Focos: 1<br>Últimas 6 h: 0<br>FRP total: 7 MW<br>Última detección UTC: 2026-10-03 13:21:00
ALERT-20261004-055,informativa,4.8,-7.47289,41.01939,1,0,0,5.8,5.8,32.4,2026-10-03 13:23:00,VIIRS_NOAA20_NRT,N20,VIIRS,<strong>ALERT-20261004-055</strong><br>Nivel: informativa<br>Focos: 1<br>Últimas 6 h: 0<br>FRP total: 5.8 MW<br>Última detección UTC: 2026-10-03 13:23:00
ALERT-20261004-056,informativa,4.7,-6.27078,37.35334,1,0,0,5.4,5.4,32.4,2026-10-03 13:23:00,VIIRS_NOAA20_NRT,N20,VIIRS,<strong>ALERT-20261004-056</strong><br>Nivel: informativa<br>Focos: 1<br>Últimas 6 h: 0<br>FRP total: 5.4 MW<br>Última detección UTC: 2026-10-03 13:23:00
ALERT-20261004-057,informativa,4.5,-8.39605,40.54801,1,0,0,4.9,4.9,32.4,2026-10-03 13:23:00,VIIRS_NOAA20_NRT,N20,VIIRS,<strong>ALERT-20261004-057</strong><br>Nivel: informativa<br>Focos: 1<br>Últimas 6 h: 0<br>FRP total: 4.9 MW<br>Última detección UTC: 2026-10-03 13:23:00
ALERT-20261004-058,informativa,4.4,-1.22071,35.42096,1,0,0,4.6,4.6,32.4,2026-10-03 13:23:00,VIIRS_NOAA20_NRT,N20,VIIRS,<strong>ALERT-20261004-058</strong><br>Nivel: informativa<br>Focos: 1<br>Últimas 6 h: 0<br>FRP total: 4.6 MW<br>Última detección UTC: 2026-10-03 13:23:00
ALERT-20261004-059,informativa,4.3,-7.70063,40.01928,1,0,0,4.3,4.3,32.4,2026-10-03 13:23:00,VIIRS_NOAA20_NRT,N20,VIIRS,<strong>ALERT-20261004-059</strong><br>Nivel: informativa<br>Focos: 1<br>Últimas 6 h: 0<br>FRP total: 4.3 MW<br>Última detección UTC: 2026-10-03 13:23:00
ALERT-20261004-060,informativa,3.9,-7.66458,39.66038,1,0,0,3.3,3.3,32.4,2026-10-03 13:23:00,VIIRS_NOAA20_NRT,N20,VIIRS,<strong>ALERT-20261004-060</strong><br>Nivel: informativa<br>Focos: 1<br>Últimas 6 h: 0<br>FRP total: 3.3 MW<br>Última detección UTC: 2026-10-03 13:23:00
ALERT-20261004-061,informativa,3.4,-5.8909,34.33817,1,0,0,2.4,2.4,32.4,2026-10-03 13:23:00,VIIRS_NOAA20_NRT,N20,VIIRS,<strong>ALERT-20261004-061</strong><br>Nivel: informativa<br>Focos: 1<br>Últimas 6 h: 0<br>FRP total: 2.4 MW<br>Última detección UTC: 2026-10-03 13:23:00
ALERT-20261004-062,informativa,3.3,-8.6559,39.94979,1,0,0,2.1,2.1,32.4,2026-10-03 13:23:00,VIIRS_NOAA20_NRT,N20,VIIRS,<strong>ALERT-20261004-062</strong><br>Nivel: informativa<br>Focos: 1<br>Últimas 6 h: 0<br>FRP total: 2.1 MW<br>Última detección UTC: 2026-10-03 13:23:00
ALERT-20261004-063,informativa,2.5,-7.08518,33.38422,1,0,0,1.1,1.1,44.1,2026-10-03 01:41:00,VIIRS_SNPP_NRT,N,VIIRS,<strong>ALERT-20261004-063</strong><br>Nivel: informativa<br>Focos: 1<br>Últimas 6 h: 0<br>FRP total: 1.1 MW<br>Última detección UTC: 2026-10-03 01:41:00
ALERT-20261004-064,informativa,1.9,-2.21862,43.04147,1,0,0,0.6,0.6,43.7,2026-10-03 02:00:00,VIIRS_NOAA20_NRT,N20,VIIRS,<strong>ALERT-20261004-064</strong><br>Nivel: informativa<br>Focos: 1<br>Últimas 6 h: 0<br>FRP total: 0.6 MW<br>Última detección UTC: 2026-10-03 02:00:00
ALERT-20261004-065,informativa,1.8,1.66018,41.31215,1,0,0,0.5,0.5,43.7,2026-10-03 02:00:00,VIIRS_NOAA20_NRT,N20,VIIRS,<strong>ALERT-20261004-065</strong><br>Nivel: informativa<br>Focos: 1<br>Últimas 6 h: 0<br>FRP total: 0.5 MW<br>Última detección UTC: 2026-10-03 02:00:00
ALERT-20261004-066,informativa,1.7,-2.08457,34.97844,1,0,0,0.4,0.4,43.7,2026-10-03 02:02:00,VIIRS_NOAA20_NRT,N20,VIIRS,<strong>ALERT-20261004-066</strong><br>Nivel: informativa<br>Focos: 1<br>Últimas 6 h: 0<br>FRP total: 0.4 MW<br>Última detección UTC: 2026-10-03 02:02:00
